label,id
5,script_13292.txt
4,script_13293.txt
1,script_13294.txt
3,script_13295.txt
1,script_13296.txt
1,script_13297.txt
3,script_13298.txt
3,script_13299.txt
6,script_13300.txt
0,script_13301.txt
4,script_13302.txt
3,script_13303.txt
5,script_13304.txt
5,script_13305.txt
0,script_13306.txt
1,script_13307.txt
5,script_13308.txt
4,script_13309.txt
1,script_13310.txt
0,script_13311.txt
5,script_13312.txt
1,script_13313.txt
0,script_13314.txt
3,script_13315.txt
5,script_13316.txt
1,script_13317.txt
5,script_13318.txt
3,script_13319.txt
5,script_13320.txt
4,script_13321.txt
4,script_13322.txt
3,script_13323.txt
5,script_13324.txt
0,script_13325.txt
3,script_13326.txt
4,script_13327.txt
3,script_13328.txt
5,script_13329.txt
3,script_13330.txt
1,script_13331.txt
4,script_13332.txt
1,script_13333.txt
3,script_13334.txt
5,script_13335.txt
1,script_13336.txt
5,script_13337.txt
5,script_13338.txt
5,script_13339.txt
5,script_13340.txt
6,script_13341.txt
0,script_13342.txt
6,script_13343.txt
3,script_13344.txt
1,script_13345.txt
3,script_13346.txt
1,script_13347.txt
3,script_13348.txt
5,script_13349.txt
3,script_13350.txt
3,script_13351.txt
3,script_13352.txt
3,script_13353.txt
0,script_13354.txt
2,script_13355.txt
1,script_13356.txt
3,script_13357.txt
3,script_13358.txt
6,script_13359.txt
3,script_13360.txt
3,script_13361.txt
4,script_13362.txt
5,script_13363.txt
0,script_13364.txt
3,script_13365.txt
3,script_13366.txt
3,script_13367.txt
3,script_13368.txt
0,script_13369.txt
5,script_13370.txt
3,script_13371.txt
5,script_13372.txt
0,script_13373.txt
5,script_13374.txt
3,script_13375.txt
4,script_13376.txt
6,script_13377.txt
5,script_13378.txt
5,script_13379.txt
3,script_13380.txt
1,script_13381.txt
1,script_13382.txt
3,script_13383.txt
5,script_13384.txt
4,script_13385.txt
3,script_13386.txt
3,script_13387.txt
4,script_13388.txt
6,script_13389.txt
3,script_13390.txt
3,script_13391.txt
4,script_13392.txt
3,script_13393.txt
4,script_13394.txt
5,script_13395.txt
3,script_13396.txt
1,script_13397.txt
3,script_13398.txt
4,script_13399.txt
3,script_13400.txt
4,script_13401.txt
3,script_13402.txt
0,script_13403.txt
1,script_13404.txt
4,script_13405.txt
0,script_13406.txt
3,script_13407.txt
5,script_13408.txt
5,script_13409.txt
3,script_13410.txt
3,script_13411.txt
4,script_13412.txt
3,script_13413.txt
4,script_13414.txt
4,script_13415.txt
4,script_13416.txt
1,script_13417.txt
5,script_13418.txt
1,script_13419.txt
1,script_13420.txt
1,script_13421.txt
3,script_13422.txt
5,script_13423.txt
5,script_13424.txt
3,script_13425.txt
4,script_13426.txt
3,script_13427.txt
4,script_13428.txt
1,script_13429.txt
3,script_13430.txt
4,script_13431.txt
3,script_13432.txt
3,script_13433.txt
3,script_13434.txt
5,script_13435.txt
2,script_13436.txt
5,script_13437.txt
0,script_13438.txt
1,script_13439.txt
1,script_13440.txt
6,script_13441.txt
3,script_13442.txt
1,script_13443.txt
5,script_13444.txt
1,script_13445.txt
1,script_13446.txt
5,script_13447.txt
3,script_13448.txt
3,script_13449.txt
0,script_13450.txt
5,script_13451.txt
0,script_13452.txt
5,script_13453.txt
3,script_13454.txt
1,script_13455.txt
2,script_13456.txt
4,script_13457.txt
3,script_13458.txt
1,script_13459.txt
1,script_13460.txt
5,script_13461.txt
4,script_13462.txt
5,script_13463.txt
5,script_13464.txt
5,script_13465.txt
1,script_13466.txt
3,script_13467.txt
3,script_13468.txt
5,script_13469.txt
5,script_13470.txt
1,script_13471.txt
3,script_13472.txt
0,script_13473.txt
1,script_13474.txt
4,script_13475.txt
4,script_13476.txt
5,script_13477.txt
4,script_13478.txt
0,script_13479.txt
0,script_13480.txt
3,script_13481.txt
5,script_13482.txt
5,script_13483.txt
5,script_13484.txt
0,script_13485.txt
4,script_13486.txt
3,script_13487.txt
4,script_13488.txt
4,script_13489.txt
1,script_13490.txt
3,script_13491.txt
4,script_13492.txt
4,script_13493.txt
4,script_13494.txt
5,script_13495.txt
0,script_13496.txt
4,script_13497.txt
4,script_13498.txt
5,script_13499.txt
4,script_13500.txt
5,script_13501.txt
0,script_13502.txt
3,script_13503.txt
3,script_13504.txt
4,script_13505.txt
4,script_13506.txt
5,script_13507.txt
4,script_13508.txt
3,script_13509.txt
0,script_13510.txt
0,script_13511.txt
3,script_13512.txt
6,script_13513.txt
2,script_13514.txt
3,script_13515.txt
4,script_13516.txt
1,script_13517.txt
3,script_13518.txt
5,script_13519.txt
3,script_13520.txt
1,script_13521.txt
5,script_13522.txt
4,script_13523.txt
0,script_13524.txt
1,script_13525.txt
4,script_13526.txt
4,script_13527.txt
1,script_13528.txt
0,script_13529.txt
3,script_13530.txt
4,script_13531.txt
1,script_13532.txt
4,script_13533.txt
3,script_13534.txt
3,script_13535.txt
3,script_13536.txt
5,script_13537.txt
0,script_13538.txt
3,script_13539.txt
4,script_13540.txt
3,script_13541.txt
5,script_13542.txt
3,script_13543.txt
6,script_13544.txt
3,script_13545.txt
3,script_13546.txt
5,script_13547.txt
3,script_13548.txt
1,script_13549.txt
0,script_13550.txt
6,script_13551.txt
4,script_13552.txt
3,script_13553.txt
5,script_13554.txt
3,script_13555.txt
3,script_13556.txt
4,script_13557.txt
1,script_13558.txt
4,script_13559.txt
1,script_13560.txt
6,script_13561.txt
1,script_13562.txt
0,script_13563.txt
5,script_13564.txt
1,script_13565.txt
0,script_13566.txt
4,script_13567.txt
1,script_13568.txt
3,script_13569.txt
4,script_13570.txt
2,script_13571.txt
4,script_13572.txt
5,script_13573.txt
0,script_13574.txt
3,script_13575.txt
3,script_13576.txt
3,script_13577.txt
0,script_13578.txt
1,script_13579.txt
0,script_13580.txt
4,script_13581.txt
3,script_13582.txt
6,script_13583.txt
0,script_13584.txt
4,script_13585.txt
3,script_13586.txt
4,script_13587.txt
3,script_13588.txt
3,script_13589.txt
3,script_13590.txt
3,script_13591.txt
3,script_13592.txt
5,script_13593.txt
3,script_13594.txt
0,script_13595.txt
3,script_13596.txt
3,script_13597.txt
4,script_13598.txt
5,script_13599.txt
3,script_13600.txt
3,script_13601.txt
3,script_13602.txt
0,script_13603.txt
5,script_13604.txt
3,script_13605.txt
3,script_13606.txt
5,script_13607.txt
5,script_13608.txt
1,script_13609.txt
1,script_13610.txt
0,script_13611.txt
3,script_13612.txt
1,script_13613.txt
3,script_13614.txt
5,script_13615.txt
5,script_13616.txt
5,script_13617.txt
4,script_13618.txt
3,script_13619.txt
4,script_13620.txt
3,script_13621.txt
3,script_13622.txt
4,script_13623.txt
4,script_13624.txt
1,script_13625.txt
4,script_13626.txt
0,script_13627.txt
0,script_13628.txt
3,script_13629.txt
3,script_13630.txt
1,script_13631.txt
3,script_13632.txt
4,script_13633.txt
5,script_13634.txt
0,script_13635.txt
0,script_13636.txt
3,script_13637.txt
4,script_13638.txt
4,script_13639.txt
3,script_13640.txt
4,script_13641.txt
0,script_13642.txt
3,script_13643.txt
4,script_13644.txt
5,script_13645.txt
0,script_13646.txt
1,script_13647.txt
1,script_13648.txt
5,script_13649.txt
5,script_13650.txt
6,script_13651.txt
3,script_13652.txt
1,script_13653.txt
0,script_13654.txt
4,script_13655.txt
4,script_13656.txt
3,script_13657.txt
3,script_13658.txt
4,script_13659.txt
3,script_13660.txt
6,script_13661.txt
4,script_13662.txt
0,script_13663.txt
0,script_13664.txt
4,script_13665.txt
0,script_13666.txt
4,script_13667.txt
1,script_13668.txt
3,script_13669.txt
0,script_13670.txt
2,script_13671.txt
3,script_13672.txt
1,script_13673.txt
4,script_13674.txt
3,script_13675.txt
5,script_13676.txt
0,script_13677.txt
4,script_13678.txt
3,script_13679.txt
6,script_13680.txt
0,script_13681.txt
2,script_13682.txt
1,script_13683.txt
4,script_13684.txt
5,script_13685.txt
4,script_13686.txt
6,script_13687.txt
3,script_13688.txt
1,script_13689.txt
3,script_13690.txt
3,script_13691.txt
0,script_13692.txt
3,script_13693.txt
5,script_13694.txt
5,script_13695.txt
5,script_13696.txt
5,script_13697.txt
4,script_13698.txt
6,script_13699.txt
1,script_13700.txt
3,script_13701.txt
5,script_13702.txt
3,script_13703.txt
1,script_13704.txt
1,script_13705.txt
4,script_13706.txt
3,script_13707.txt
4,script_13708.txt
3,script_13709.txt
1,script_13710.txt
0,script_13711.txt
5,script_13712.txt
4,script_13713.txt
3,script_13714.txt
3,script_13715.txt
2,script_13716.txt
4,script_13717.txt
6,script_13718.txt
4,script_13719.txt
4,script_13720.txt
3,script_13721.txt
5,script_13722.txt
1,script_13723.txt
3,script_13724.txt
3,script_13725.txt
3,script_13726.txt
3,script_13727.txt
6,script_13728.txt
4,script_13729.txt
3,script_13730.txt
6,script_13731.txt
3,script_13732.txt
0,script_13733.txt
3,script_13734.txt
4,script_13735.txt
3,script_13736.txt
4,script_13737.txt
4,script_13738.txt
6,script_13739.txt
4,script_13740.txt
1,script_13741.txt
3,script_13742.txt
5,script_13743.txt
6,script_13744.txt
0,script_13745.txt
1,script_13746.txt
0,script_13747.txt
1,script_13748.txt
3,script_13749.txt
4,script_13750.txt
0,script_13751.txt
4,script_13752.txt
1,script_13753.txt
4,script_13754.txt
4,script_13755.txt
4,script_13756.txt
1,script_13757.txt
3,script_13758.txt
4,script_13759.txt
0,script_13760.txt
6,script_13761.txt
4,script_13762.txt
1,script_13763.txt
5,script_13764.txt
5,script_13765.txt
4,script_13766.txt
3,script_13767.txt
4,script_13768.txt
6,script_13769.txt
4,script_13770.txt
1,script_13771.txt
3,script_13772.txt
2,script_13773.txt
5,script_13774.txt
3,script_13775.txt
4,script_13776.txt
1,script_13777.txt
3,script_13778.txt
4,script_13779.txt
1,script_13780.txt
0,script_13781.txt
1,script_13782.txt
5,script_13783.txt
3,script_13784.txt
3,script_13785.txt
4,script_13786.txt
3,script_13787.txt
4,script_13788.txt
4,script_13789.txt
1,script_13790.txt
0,script_13791.txt
1,script_13792.txt
4,script_13793.txt
4,script_13794.txt
3,script_13795.txt
3,script_13796.txt
0,script_13797.txt
5,script_13798.txt
5,script_13799.txt
0,script_13800.txt
3,script_13801.txt
0,script_13802.txt
3,script_13803.txt
4,script_13804.txt
4,script_13805.txt
0,script_13806.txt
6,script_13807.txt
3,script_13808.txt
3,script_13809.txt
5,script_13810.txt
5,script_13811.txt
3,script_13812.txt
6,script_13813.txt
3,script_13814.txt
1,script_13815.txt
0,script_13816.txt
4,script_13817.txt
5,script_13818.txt
0,script_13819.txt
0,script_13820.txt
1,script_13821.txt
2,script_13822.txt
1,script_13823.txt
5,script_13824.txt
4,script_13825.txt
3,script_13826.txt
5,script_13827.txt
3,script_13828.txt
0,script_13829.txt
0,script_13830.txt
0,script_13831.txt
1,script_13832.txt
3,script_13833.txt
3,script_13834.txt
3,script_13835.txt
5,script_13836.txt
3,script_13837.txt
5,script_13838.txt
3,script_13839.txt
5,script_13840.txt
3,script_13841.txt
3,script_13842.txt
1,script_13843.txt
4,script_13844.txt
0,script_13845.txt
3,script_13846.txt
3,script_13847.txt
5,script_13848.txt
0,script_13849.txt
0,script_13850.txt
3,script_13851.txt
0,script_13852.txt
5,script_13853.txt
4,script_13854.txt
0,script_13855.txt
4,script_13856.txt
3,script_13857.txt
5,script_13858.txt
5,script_13859.txt
1,script_13860.txt
0,script_13861.txt
0,script_13862.txt
1,script_13863.txt
5,script_13864.txt
4,script_13865.txt
1,script_13866.txt
5,script_13867.txt
3,script_13868.txt
5,script_13869.txt
1,script_13870.txt
6,script_13871.txt
3,script_13872.txt
1,script_13873.txt
5,script_13874.txt
3,script_13875.txt
3,script_13876.txt
4,script_13877.txt
5,script_13878.txt
0,script_13879.txt
5,script_13880.txt
0,script_13881.txt
1,script_13882.txt
2,script_13883.txt
3,script_13884.txt
4,script_13885.txt
5,script_13886.txt
3,script_13887.txt
4,script_13888.txt
1,script_13889.txt
3,script_13890.txt
4,script_13891.txt
3,script_13892.txt
1,script_13893.txt
0,script_13894.txt
1,script_13895.txt
5,script_13896.txt
3,script_13897.txt
3,script_13898.txt
0,script_13899.txt
0,script_13900.txt
3,script_13901.txt
4,script_13902.txt
3,script_13903.txt
3,script_13904.txt
0,script_13905.txt
3,script_13906.txt
4,script_13907.txt
3,script_13908.txt
4,script_13909.txt
1,script_13910.txt
6,script_13911.txt
4,script_13912.txt
5,script_13913.txt
3,script_13914.txt
1,script_13915.txt
4,script_13916.txt
3,script_13917.txt
3,script_13918.txt
6,script_13919.txt
4,script_13920.txt
0,script_13921.txt
3,script_13922.txt
4,script_13923.txt
3,script_13924.txt
3,script_13925.txt
4,script_13926.txt
1,script_13927.txt
3,script_13928.txt
4,script_13929.txt
3,script_13930.txt
3,script_13931.txt
5,script_13932.txt
3,script_13933.txt
4,script_13934.txt
3,script_13935.txt
4,script_13936.txt
0,script_13937.txt
3,script_13938.txt
3,script_13939.txt
4,script_13940.txt
3,script_13941.txt
1,script_13942.txt
3,script_13943.txt
4,script_13944.txt
3,script_13945.txt
6,script_13946.txt
3,script_13947.txt
4,script_13948.txt
3,script_13949.txt
0,script_13950.txt
3,script_13951.txt
5,script_13952.txt
3,script_13953.txt
3,script_13954.txt
4,script_13955.txt
4,script_13956.txt
0,script_13957.txt
3,script_13958.txt
6,script_13959.txt
5,script_13960.txt
4,script_13961.txt
4,script_13962.txt
5,script_13963.txt
1,script_13964.txt
4,script_13965.txt
3,script_13966.txt
4,script_13967.txt
4,script_13968.txt
4,script_13969.txt
0,script_13970.txt
3,script_13971.txt
1,script_13972.txt
5,script_13973.txt
2,script_13974.txt
0,script_13975.txt
4,script_13976.txt
3,script_13977.txt
4,script_13978.txt
1,script_13979.txt
3,script_13980.txt
5,script_13981.txt
5,script_13982.txt
1,script_13983.txt
2,script_13984.txt
1,script_13985.txt
1,script_13986.txt
3,script_13987.txt
4,script_13988.txt
4,script_13989.txt
3,script_13990.txt
4,script_13991.txt
3,script_13992.txt
5,script_13993.txt
5,script_13994.txt
3,script_13995.txt
0,script_13996.txt
1,script_13997.txt
4,script_13998.txt
4,script_13999.txt
3,script_14000.txt
6,script_14001.txt
5,script_14002.txt
4,script_14003.txt
4,script_14004.txt
3,script_14005.txt
0,script_14006.txt
0,script_14007.txt
5,script_14008.txt
0,script_14009.txt
3,script_14010.txt
3,script_14011.txt
3,script_14012.txt
4,script_14013.txt
5,script_14014.txt
4,script_14015.txt
4,script_14016.txt
4,script_14017.txt
3,script_14018.txt
3,script_14019.txt
5,script_14020.txt
1,script_14021.txt
0,script_14022.txt
3,script_14023.txt
1,script_14024.txt
5,script_14025.txt
3,script_14026.txt
0,script_14027.txt
3,script_14028.txt
6,script_14029.txt
4,script_14030.txt
4,script_14031.txt
1,script_14032.txt
6,script_14033.txt
5,script_14034.txt
1,script_14035.txt
5,script_14036.txt
5,script_14037.txt
2,script_14038.txt
4,script_14039.txt
5,script_14040.txt
4,script_14041.txt
3,script_14042.txt
5,script_14043.txt
1,script_14044.txt
4,script_14045.txt
1,script_14046.txt
4,script_14047.txt
1,script_14048.txt
4,script_14049.txt
4,script_14050.txt
4,script_14051.txt
3,script_14052.txt
5,script_14053.txt
5,script_14054.txt
0,script_14055.txt
4,script_14056.txt
0,script_14057.txt
0,script_14058.txt
1,script_14059.txt
4,script_14060.txt
5,script_14061.txt
4,script_14062.txt
0,script_14063.txt
1,script_14064.txt
3,script_14065.txt
5,script_14066.txt
4,script_14067.txt
4,script_14068.txt
3,script_14069.txt
5,script_14070.txt
3,script_14071.txt
4,script_14072.txt
0,script_14073.txt
5,script_14074.txt
4,script_14075.txt
5,script_14076.txt
5,script_14077.txt
3,script_14078.txt
3,script_14079.txt
0,script_14080.txt
0,script_14081.txt
2,script_14082.txt
4,script_14083.txt
0,script_14084.txt
6,script_14085.txt
4,script_14086.txt
4,script_14087.txt
0,script_14088.txt
4,script_14089.txt
4,script_14090.txt
5,script_14091.txt
2,script_14092.txt
0,script_14093.txt
5,script_14094.txt
3,script_14095.txt
3,script_14096.txt
4,script_14097.txt
0,script_14098.txt
5,script_14099.txt
3,script_14100.txt
5,script_14101.txt
3,script_14102.txt
3,script_14103.txt
1,script_14104.txt
2,script_14105.txt
4,script_14106.txt
1,script_14107.txt
4,script_14108.txt
5,script_14109.txt
4,script_14110.txt
0,script_14111.txt
6,script_14112.txt
3,script_14113.txt
5,script_14114.txt
